seed,model,train_accuracy,val_accuracy,test_accuracy,precision_class_0,precision_class_1,recall_class_0,recall_class_1,f1_class_0,f1_class_1,tn,fp,fn,tp,roc_auc,pr_auc
7,gemma-3-27b-it,,,0.9040970772442589,0.7961664329125759,0.9458823529411765,0.8506493506493507,0.9229954079830449,0.8225066409079932,0.9342987396084741,1703,299,436,5226,0.8868223793161978,0.9299344210752752
