seed,model,train_accuracy,val_accuracy,test_accuracy,precision_class_0,precision_class_1,recall_class_0,recall_class_1,f1_class_0,f1_class_1,tn,fp,fn,tp,roc_auc,pr_auc
7,gemma-3-27b-it,,,0.9040970772442588,0.7961664329125759,0.9458823529411764,0.8506493506493507,0.9229954079830448,0.8225066409079932,0.934298739608474,1703,299,436,5226,0.8868223793161978,0.9299344210752752
7,granite-3.3-8b-instruct,,,0.8534707724425887,0.7268972638100155,0.896280775275013,0.7032967032967034,0.9065701165665844,0.7149022594567149,0.9013960839406444,1408,594,529,5133,0.8049334099316438,0.8815653752681877
7,mistral-small-3.1,,,0.771268267223382,0.5379688929551693,0.9457240592930444,0.8811188811188811,0.7324267043447545,0.6680552925582276,0.8255200557380312,1764,238,1515,4147,0.8067727927318179,0.8903510089946876
