seed,model,train_accuracy,val_accuracy,test_accuracy,precision_class_0,precision_class_1,recall_class_0,recall_class_1,f1_class_0,f1_class_1,tn,fp,fn,tp,roc_auc,pr_auc
7,mistral-small-3.1,,,0.771268267223382,0.5379688929551693,0.9457240592930445,0.8811188811188811,0.7324267043447545,0.6680552925582276,0.8255200557380312,1764,238,1515,4147,0.8067727927318179,0.8903510089946876
