seed,model,train_accuracy,val_accuracy,test_accuracy,precision_class_0,precision_class_1,recall_class_0,recall_class_1,f1_class_0,f1_class_1,tn,fp,fn,tp,roc_auc,pr_auc
7,granite-3.3-8b-instruct,,,0.8534707724425887,0.7268972638100155,0.896280775275013,0.7032967032967034,0.9065701165665843,0.7149022594567149,0.9013960839406445,1408,594,529,5133,0.8049334099316438,0.8815653752681877
