seed,model,train_accuracy,val_accuracy,test_accuracy,precision_class_0,precision_class_1,recall_class_0,recall_class_1,f1_class_0,f1_class_1,tn,fp,fn,tp,roc_auc,pr_auc
7,perceptron,0.8278742007046849,0.82591674279003,0.8247651356993737,0.9852724594992637,0.8091624910522548,0.3341658341658342,0.9982338396326387,0.4990675121223424,0.8938088084130624,669,1333,10,5652,0.9884001551256939,0.996163188636861
7,sgd_classifier,0.956674931488973,0.9601983557353517,0.9522442588726514,0.8701357466063349,0.9855152181884855,0.9605394605394605,0.9493111974567291,0.9131054131054132,0.9670744872256207,1923,79,287,5375,0.9889763186301512,0.9963959634963901
7,logistic_regression,0.9603723519944322,0.9616338248727653,0.952374739039666,0.8956017399710005,0.9733690795352994,0.9255744255744256,0.9618509360649947,0.9103414394497666,0.9675757306564804,1853,149,216,5446,0.989448470992095,0.9965472104426722
7,ridge_classifier,0.9568924268128235,0.9620253164556962,0.9530271398747391,0.8811513463324049,0.981125226860254,0.948051948051948,0.9547862945955493,0.9133782483156881,0.9677765843179377,1898,104,256,5406,0.9876449936499389,0.9959891193001564
7,decision_tree_classifier,0.9999565009352299,0.9068250032624299,0.9005741127348643,0.8225806451612904,0.9266805990943922,0.7897102897102897,0.9397739314729777,0.8058103975535168,0.9331813398807436,1581,421,341,5321,0.8647421105916336,0.9153640067826546
7,random_forest_classifier,0.9999565009352299,0.956674931488973,0.951722338204593,0.8636363636363636,0.9881918819188192,0.968031968031968,0.9459554927587425,0.9128591615638247,0.9666125248150154,1938,64,306,5356,0.9831008800454226,0.9944436148080762
7,gradient_boosting_classifier,0.9612858323546044,0.9523685240767323,0.9471555323590815,0.8829736211031175,0.9711417816813049,0.9195804195804196,0.9569056870363829,0.9009053095179839,0.9639711769415532,1841,161,244,5418,0.9864803158692244,0.9955968832994342
7,support_vector_machine_classifier,0.9630692940101788,0.9631997912044891,0.9556367432150313,0.8945868945868946,0.9787693414897445,0.9410589410589411,0.9607912398445779,0.9172346640701071,0.9696969696969697,1884,118,222,5440,0.9892912633110442,0.9964956416886899
7,x_gradient_boosting_classifier,0.9999565009352299,0.9638522771760407,0.9557672233820459,0.8965188364329996,0.9780851446021196,0.939060939060939,0.9616743200282586,0.9172969016833374,0.9698103125834892,1880,122,217,5445,0.9904815248333441,0.9969143803829278
