seed,model,train_accuracy,val_accuracy,test_accuracy,precision_class_0,precision_class_1,recall_class_0,recall_class_1,f1_class_0,f1_class_1,tn,fp,fn,tp,roc_auc,pr_auc
3,mistral-small-3.1,,,0.7750521920668059,0.5422492401215806,0.9501600365797896,0.8911088911088911,0.7340162486753797,0.674225245653817,0.8282184137106416,1784,218,1506,4156,0.8125625698921355,0.8939360372155671
