seed,model,train_accuracy,val_accuracy,test_accuracy,precision_class_0,precision_class_1,recall_class_0,recall_class_1,f1_class_0,f1_class_1,tn,fp,fn,tp,roc_auc,pr_auc
3,gemma-3-27b-it,,,0.9039665970772442,0.7922437673130194,0.9479810840305566,0.8571428571428571,0.920522783468739,0.8234165067178503,0.9340501792114696,1716,286,450,5212,0.8888328203057981,0.9313542613040966
3,granite-3.3-8b-instruct,,,0.8536012526096033,0.721327967806841,0.8999295278365046,0.7162837162837162,0.9021547156481808,0.718796992481203,0.901040747927324,1434,568,554,5108,0.8092192159659486,0.8841616798148395
3,mistral-small-3.1,,,0.7750521920668059,0.5422492401215806,0.9501600365797896,0.8911088911088911,0.7340162486753797,0.674225245653817,0.8282184137106416,1784,218,1506,4156,0.8125625698921355,0.8939360372155671
