seed,model,train_accuracy,val_accuracy,test_accuracy,precision_class_0,precision_class_1,recall_class_0,recall_class_1,f1_class_0,f1_class_1,tn,fp,fn,tp,roc_auc,pr_auc
3,perceptron,0.961155335160294,0.9549784679629388,0.9551148225469729,0.900096525096525,0.9755007153075823,0.9315684315684316,0.9634404803956199,0.9155621011291114,0.9694330904567265,1865,137,207,5455,0.9908772788497267,0.996970868780616
3,sgd_classifier,0.9572404193309844,0.9548479707686285,0.9569415448851775,0.9118226600985222,0.9731984380546681,0.9245754245754245,0.9683857294242317,0.9181547619047619,0.97078611898017,1851,151,179,5483,0.9909262408379328,0.9970122458522215
3,logistic_regression,0.9606768454478228,0.9560224455174213,0.9569415448851775,0.9019230769230769,0.9774355300859598,0.9370629370629371,0.9639703285058283,0.9191572758451739,0.9706562333274052,1876,126,204,5458,0.991496670055483,0.9971942209331475
3,ridge_classifier,0.9571534212014442,0.9551089651572491,0.9569415448851775,0.8906542056074767,0.9826212889210717,0.952047952047952,0.9586718474037442,0.920328343795268,0.9704988378330055,1906,96,234,5428,0.9894834942521272,0.9966026783709736
3,decision_tree_classifier,1.0,0.9005611379355344,0.9035751565762005,0.8207211782630777,0.9322212467076383,0.8071928071928072,0.9376545390321441,0.8139007806597834,0.9349299991194858,1616,386,353,5309,0.8724236731124756,0.92016098231378
3,random_forest_classifier,1.0,0.9508025577450084,0.9544624217118998,0.8714606741573033,0.9884169884169884,0.9685314685314685,0.9494878134934652,0.917435533475278,0.9685613908656878,1939,63,286,5376,0.9845929414986285,0.9950621484150924
3,gradient_boosting_classifier,0.962764800556788,0.9496280829962156,0.9487212943632568,0.8840095465393795,0.9730651822589333,0.9250749250749251,0.957082303073119,0.9040761532828899,0.9650075683376369,1852,150,243,5419,0.9871896030497231,0.9958305819695796
3,support_vector_machine_classifier,0.9634607855931098,0.9585018922093175,0.9592901878914405,0.9031488549618321,0.9804238505747126,0.9455544455544456,0.9641469445425644,0.9238653001464129,0.9722172751558326,1893,109,203,5459,0.9915773029513757,0.9972255867246902
3,x_gradient_boosting_classifier,1.0,0.9598068641524207,0.9630741127348643,0.9059990552668871,0.9848566792861005,0.958041958041958,0.964853408689509,0.9312940033988832,0.9747524310821661,1918,84,199,5463,0.992046102960974,0.9974246485003332
