seed,model,train_accuracy,val_accuracy,test_accuracy,precision_class_0,precision_class_1,recall_class_0,recall_class_1,f1_class_0,f1_class_1,tn,fp,fn,tp,roc_auc,pr_auc
3,gemma-3-27b-it,,,0.9039665970772442,0.7922437673130194,0.9479810840305566,0.8571428571428571,0.920522783468739,0.8234165067178503,0.9340501792114695,1716,286,450,5212,0.8888328203057981,0.9313542613040966
