seed,model,train_accuracy,val_accuracy,test_accuracy,precision_class_0,precision_class_1,recall_class_0,recall_class_1,f1_class_0,f1_class_1,tn,fp,fn,tp,roc_auc,pr_auc
33,perceptron,0.9629822958806386,0.9523685240767323,0.9565501043841336,0.9133234274393264,0.9720106288751107,0.9210789210789211,0.9690921935711763,0.9171847799054962,0.9705492172990183,1844,158,175,5487,0.9893435776515961,0.9964797461347451
33,sgd_classifier,0.9588063856627083,0.953021010048284,0.9578549060542797,0.8991916310033286,0.9800395612299946,0.9445554445554446,0.9625574002119393,0.9213154689403167,0.971219816448365,1891,111,212,5450,0.9899500887667612,0.9967412012155504
33,logistic_regression,0.9605463482535126,0.9532820044369046,0.9591597077244259,0.9093553078041687,0.9775040171397965,0.9370629370629371,0.9669728011303427,0.9230012300123002,0.9722098907928616,1876,126,187,5475,0.9904066262243585,0.9968839796028032
33,ridge_classifier,0.9580669015616164,0.9539344904084562,0.9544624217118998,0.8831710709318498,0.9823860541129471,0.9515484515484516,0.9554927587424938,0.9160855974993989,0.9687527979228221,1905,97,252,5410,0.9882904979160718,0.9962448051507417
33,decision_tree_classifier,0.9999565009352299,0.9021271042672583,0.9074895615866388,0.8263503281171126,0.9357733591412986,0.8176823176823177,0.9392440833627693,0.8219934722570926,0.9375055090348171,1637,365,344,5318,0.8785202346223187,0.9238395337335922
33,random_forest_classifier,0.9999565009352299,0.9496280829962156,0.9502870563674322,0.8607031597685804,0.9874469263429942,0.9660339660339661,0.9447191805015895,0.910331842786538,0.9656106146764148,1934,68,313,5349,0.9853453240507285,0.995260992189558
33,gradient_boosting_classifier,0.962329809909087,0.9483231110531124,0.9497651356993737,0.8862876254180602,0.9736133548734518,0.9265734265734266,0.9579653832567997,0.905982905982906,0.9657259859343007,1855,147,238,5424,0.9872874388063367,0.9958723901007902
33,support_vector_machine_classifier,0.9639827743703511,0.9569359258775937,0.9611169102296451,0.9053282588011418,0.982200647249191,0.9505494505494505,0.964853408689509,0.9273879142300195,0.9734497505345688,1903,99,199,5463,0.9903653393586279,0.9968753270963359
33,x_gradient_boosting_classifier,0.9999565009352299,0.9573274174605246,0.9609864300626305,0.9033633349123638,0.9828921303799748,0.9525474525474525,0.9639703285058283,0.9273036712861659,0.9733392777530093,1907,95,204,5458,0.9919996111271278,0.9973990767676925
