seed,model,train_accuracy,val_accuracy,test_accuracy,precision_class_0,precision_class_1,recall_class_0,recall_class_1,f1_class_0,f1_class_1,tn,fp,fn,tp,roc_auc,pr_auc
33,mistral-small-3.1,,,0.7830114822546973,0.5519142419601838,0.9545351216185497,0.9000999000999002,0.7416107382550335,0.684260489842415,0.83470827949508,1802,200,1463,4199,0.8208553191774669,0.8987859805762708
