seed,model,train_accuracy,val_accuracy,test_accuracy,precision_class_0,precision_class_1,recall_class_0,recall_class_1,f1_class_0,f1_class_1,tn,fp,fn,tp,roc_auc,pr_auc
33,granite-3.3-8b-instruct,,,0.8598643006263048,0.7396694214876033,0.9004888268156425,0.7152847152847153,0.9109855174849877,0.7272727272727273,0.9057067603160667,1432,570,504,5158,0.8131351163848515,0.8860942840614627
