seed,model,train_accuracy,val_accuracy,test_accuracy,precision_class_0,precision_class_1,recall_class_0,recall_class_1,f1_class_0,f1_class_1,tn,fp,fn,tp,roc_auc,pr_auc
33,gemma-3-27b-it,,,0.9076200417536534,0.8003714020427113,0.949546279491833,0.8611388611388612,0.9240551042034616,0.8296438883541867,0.9366272824919442,1724,278,430,5232,0.8925969826711615,0.9335395580581192
33,granite-3.3-8b-instruct,,,0.8598643006263048,0.7396694214876033,0.9004888268156425,0.7152847152847153,0.9109855174849876,0.7272727272727273,0.9057067603160668,1432,570,504,5158,0.8131351163848515,0.8860942840614627
33,mistral-small-3.1,,,0.7830114822546973,0.5519142419601838,0.9545351216185496,0.9000999000999002,0.7416107382550335,0.684260489842415,0.83470827949508,1802,200,1463,4199,0.8208553191774669,0.8987859805762708
