seed,model,train_accuracy,val_accuracy,test_accuracy,precision_class_0,precision_class_1,recall_class_0,recall_class_1,f1_class_0,f1_class_1,tn,fp,fn,tp,roc_auc,pr_auc
33,gemma-3-27b-it,,,0.9076200417536534,0.8003714020427113,0.949546279491833,0.8611388611388612,0.9240551042034617,0.8296438883541867,0.9366272824919442,1724,278,430,5232,0.8925969826711615,0.9335395580581191
