model,seed,train_accuracy,val_accuracy,test_accuracy,precision_class_0,precision_class_1,recall_class_0,recall_class_1,f1_class_0,f1_class_1,tn,fp,fn,tp,roc_auc,pr_auc
gemma-3-27b-it,14.333333333333334,,,0.9052279053583855,0.7962605340894355,0.9478032388211887,0.8563103563103563,0.9225244318850817,0.8251890119933435,0.9349920671039627,1714.3333333333333,287.6666666666667,438.6666666666667,5223.333333333333,0.8894173940977191,0.9316094134791637
granite-3.3-8b-instruct,14.333333333333334,,,0.8556454418928322,0.7292982177014866,0.8988997099757201,0.7116217116217115,0.9065701165665843,0.720323993070215,0.9027145307280118,1424.6666666666667,577.3333333333334,529.0,5133.0,0.8090959140941479,0.8839404463814966
mistral-small-3.1,14.333333333333334,,,0.7764439805149618,0.5440441250123113,0.9501397391637946,0.8907758907758908,0.7360178970917226,0.6755136760181532,0.8294822496479176,1783.3333333333333,218.66666666666666,1494.6666666666667,4167.333333333333,0.8133968939338067,0.8943576755955084
mean_across_models,14.333333333333334,,,0.8457724425887264,0.6898676256010777,0.9322808959869011,0.8195693195693196,0.8550374818477962,0.7403422270272372,0.889062949159964,1640.7777777777776,361.22222222222223,820.7777777777778,4841.222222222222,0.8373034007085579,0.9033025118187229
