model,seed,train_accuracy,val_accuracy,test_accuracy,precision_class_0,precision_class_1,recall_class_0,recall_class_1,f1_class_0,f1_class_1,tn,fp,fn,tp,roc_auc,pr_auc
gemma-3-27b-it,16.289055630494154,,,0.0020726778979547403,0.004064634405261844,0.001838426264777256,0.005294076954906611,0.0018126462166890706,0.0038847659505801863,0.00142158101828865,10.598742063723122,10.598742063723103,10.263202878893773,10.263202878893864,0.002931348813334975,0.0018160617116713147
granite-3.3-8b-instruct,16.289055630494154,,,0.003654221261533574,0.009403492195594897,0.0022852391695272877,0.007226951186883299,0.004415400918403367,0.006325023051015836,0.002597430336181235,14.468356276140456,14.468356276140478,25.0,25.0,0.004102243252153594,0.0022725452445380985
mistral-small-3.1,16.289055630494154,,,0.005994045472904164,0.007143836402532203,0.004405566230895443,0.009494890062859293,0.004908316106698384,0.00817906745036783,0.004722692548712146,19.008769905844364,19.008769905844332,27.79088579612631,27.790885796126407,0.007078238497534788,0.004233263585947477
std_across_models,0.0,,,0.0019728651081131125,0.0026798921541894023,0.0013714734305764345,0.002102632489275836,0.0016633535146433375,0.002153809056921926,0.0016731556227029605,4.20947024353021,4.209470243530203,9.417907599910482,9.417907599910464,0.0021379209347833963,0.0012842415745698496
